"Ygen","model","AIC","AICweight","modLik","deltaAIC"
"RD","Linear",8036.12,0.172,0.301194211912202,2.4
"RD","Power",8035.35,0.257,0.449328964117222,1.6
"RD","Saturating",8033.71,0.571,1,0
"SSR","Linear",1557.71,0.001,0.000911881965554516,14
"SSR","Power",1543.75,0.999,1,0
"SSR","Saturating",2295.06,0,7.19909447695811e-164,751.3
"SST","Linear",55.72,0,1.30072976540676e-05,22.5
"SST","Power",33.18,1,1,0
"SST","Saturating",2206.5,0,0,2173.3
